[
  {
    "id": "1",
    "name": "Cornflake Cereal 720g",
    "price": 3.99,
    "image_url": "https://digitalcontent.api.tesco.com/v2/media/ghs/1ffd7683-3d9f-4c2d-8a8d-3d67c29c7d17/78eec1fd-2834-47a0-aa99-f9d398f4f796_222616424.jpeg?h=540&w=540",
    "categories": ["5"],
    "original_price": 5
  },
  {
    "id": "2",
    "name": "Milk Semi-skinned 2 pints",
    "price": 1.2,
    "image_url": "https://digitalcontent.api.tesco.com/v2/media/ghs/7ae55910-3dd7-43bb-b89a-d00236927866/ac24df22-2111-47eb-b1bc-c0abf8688c45_250325805.jpeg?h=540&w=540",
    "categories": ["3"],
    "original_price": 2
  },
  {
    "id": "3",
    "name": "Coffee Beans 100g",
    "price": 2.49,
    "image_url": "https://digitalcontent.api.tesco.com/v2/media/ghs/2903431d-622a-4e84-94cf-af11212247a5/c9479a90-e9c8-473d-97cc-ee16a3580598_1088088421.jpeg?h=540&w=540",
    "categories": ["5"],
    "original_price": 3
  },
  {
    "id": "4",
    "name": "Pepsi Max 24x300ml",
    "price": 8.49,
    "image_url": "https://digitalcontent.api.tesco.com/v2/media/ghs/9c44f2c3-157c-4770-a85a-c87ad913cdc1/4170908f-f5d3-400d-b072-2cd916771aea_1918001748.jpeg?h=540&w=540",
    "categories": ["6"],
    "original_price": 10
  },
  {
    "id": "5",
    "name": "Strawberries 200g",
    "price": 1.99,
    "image_url": "https://digitalcontent.api.tesco.com/v2/media/ghs/8def6f07-d68e-43a0-bc4f-117efd9628c1/b35a54d0-883f-47f4-9f9e-76061511c491.jpeg?h=540&w=540",
    "categories": ["4"],
    "original_price": 1.99
  },
  {
    "id": "6",
    "name": "Magnum Almond Ice Cream 4 X 100ml",
    "price": 6.99,
    "image_url": "https://digitalcontent.api.tesco.com/v2/media/ghs/e737456f-8d0d-4ac4-92ac-da48c0c61148/dedd1c2f-8a68-4063-860d-bbdef88f4aa0.jpeg?h=540&w=540",
    "categories": ["7"],
    "original_price": 6.99
  },
  {
    "id": "7",
    "name": "Innocent Apple And Mango Juice 1.35 litre",
    "price": 2.99,
    "image_url": "https://digitalcontent.api.tesco.com/v2/media/ghs/a58f48a6-7dc1-4ea3-a876-a4ab3da24f32/ec683ffd-579f-48f9-b98d-ff76bd33bd16.jpeg?h=540&w=540",
    "categories": ["6"],
    "original_price": 2.99
  },
  {
    "id": "8",
    "name": "Heinz Spring Vegetable Soup 400g",
    "price": 0.99,
    "image_url": "https://digitalcontent.api.tesco.com/v2/media/ghs/331fcda6-2a41-481f-a46f-016be9fe0519/1c505b1e-b18a-4fc9-97e8-25bba2279a2e_438900266.jpeg?h=540&w=540",
    "categories": ["4", "5"],
    "original_price": 0.99
  },
  {
    "id": "9",
    "name": "Cornetto Ice Cream 6x90ml",
    "price": 1.99,
    "image_url": "https://digitalcontent.api.tesco.com/v2/media/ghs/2cccd53a-c6d9-4632-b776-4efaaef43d84/51780f92-d7f8-46a9-91b6-eb0b7c2533e7.jpeg?h=540&w=540",
    "categories": ["7"],
    "original_price": 1.99
  },
  {
    "id": "10",
    "name": "Alpro Oat Drink 1 litre",
    "price": 1.29,
    "image_url": "https://digitalcontent.api.tesco.com/v2/media/ghs/64c494b8-402b-443e-ac5b-ac32f194729a/a19ba381-ba43-4896-a260-5e1b95abd9ef.jpeg?h=540&w=540",
    "categories": ["6", "3"],
    "original_price": 1.29
  },
  {
    "id": "11",
    "name": "Frozen Peas 800g",
    "price": 2.1,
    "image_url": "https://digitalcontent.api.tesco.com/v2/media/ghs/b38908e5-5730-4b19-b8d0-c3b5183c9774/658bd601-1474-4183-a932-7f638dcd8c56.jpeg?h=540&w=540",
    "categories": ["4", "7"],
    "original_price": 2.1
  },
  {
    "id": "12",
    "name": "Mini Eclairs 140g",
    "price": 1.99,
    "image_url": "https://digitalcontent.api.tesco.com/v2/media/ghs/85890ebd-b134-4d3d-9eee-0abd4b65fc48/93c094ea-b5a9-4233-b743-112f41543f7e.jpeg?h=540&w=540",
    "categories": ["7"],
    "original_price": 1.99
  },
  {
    "id": "13",
    "name": "Farmhouse Loaf Sliced 800G",
    "price": 1.2,
    "image_url": "https://digitalcontent.api.tesco.com/v2/media/ghs/a002d54b-fd8d-4280-ac77-169d0d349e80/914acc8e-ca56-4850-bee3-e870fbc0178c.jpeg?h=540&w=540",
    "categories": ["1"],
    "original_price": 2
  },
  {
    "id": "14",
    "name": "Panini 4 Pack",
    "price": 1.1,
    "image_url": "https://digitalcontent.api.tesco.com/v2/media/ghs/24564540-401e-4a0f-91b1-1aca17e65d2a/86ea432a-ee33-467c-abcd-e4a5787cc91a.jpeg?h=540&w=540",
    "categories": ["1"],
    "original_price": 1.5
  },
  {
    "id": "15",
    "name": "Genius Gluten Free Triple Seeded Farmhouse Loaf 535G",
    "price": 3.0,
    "image_url": "https://digitalcontent.api.tesco.com/v2/media/ghs/ab025b6a-6cf1-4df8-b38c-7faa93e11894/f4294f85-7aec-42a5-8133-e1f5d9e533e0.jpeg?h=540&w=540",
    "categories": ["1"],
    "original_price": 3.0
  },
  {
    "id": "16",
    "name": "Warburtons Artisan Tiger Gluten Free 400G",
    "price": 3.55,
    "image_url": "https://digitalcontent.api.tesco.com/v2/media/ghs/9b1fd5b6-21c7-496d-9161-9857c6fff104/cf14a854-0769-4de1-8541-391d5a31b4ab.jpeg?h=540&w=540",
    "categories": ["1"],
    "original_price": 3.55
  },
  {
    "id": "17",
    "name": "Woodside Farms Pork Loin Steaks 720G",
    "price": 3.58,
    "image_url": "https://digitalcontent.api.tesco.com/v2/media/ghs/68a59bc9-a45e-4c0a-a4e5-c674d92ff3b6/b1673466-4987-4d50-8a06-7ce4e68b1604.jpeg?h=540&w=540",
    "categories": ["2"],
    "original_price": 3.58
  },
  {
    "id": "18",
    "name": "British Large Whole Chicken 1.5Kg - 1.9Kg",
    "price": 4.0,
    "image_url": "https://digitalcontent.api.tesco.com/v2/media/ghs/333ead4a-eebf-4164-a60a-887147caa7d4/8d3e6d56-ba4d-4767-8ef7-e1674d0c55a3.jpeg?h=540&w=540",
    "categories": ["2"],
    "original_price": 8.0
  },
  {
    "id": "19",
    "name": "Finest Cote D'boeuf",
    "price": 25.0,
    "image_url": "https://digitalcontent.api.tesco.com/v2/media/ghs/25055221-0d4a-484c-99ff-688dc0cf36a5/ad5b31a6-6bf1-4739-8742-83622b5b288f.jpeg?h=540&w=540",
    "categories": ["2"],
    "original_price": 25.0
  },
  {
    "id": "20",
    "name": "Organic 2 Boneless Salmon Fillets 265G",
    "price": 7.0,
    "image_url": "https://digitalcontent.api.tesco.com/v2/media/ghs/1a796b12-667b-44fa-891c-f90e0f35d111/0da99963-1a47-4ec7-956e-3c5ae8f5a36f.jpeg?h=540&w=540",
    "categories": ["2"],
    "original_price": 7.0
  },
  {
    "id": "21",
    "name": "Andrex Supreme Quilts Toilet Tissue 16 Rolls",
    "price": 10.4,
    "image_url": "https://digitalcontent.api.tesco.com/v2/media/ghs/be28d254-d183-47f6-9947-56e7b7ee0f27/014d38ab-ed6e-4631-956b-8de28df71d2b_461330045.jpeg?h=540&w=540",
    "categories": ["8"],
    "original_price": 10.4
  },
  {
    "id": "22",
    "name": "Baylis & Harding Hair & Body Wash Black Pepper & Ginseng Giftset",
    "price": 12.0,
    "image_url": "https://digitalcontent.api.tesco.com/v2/media/ghs/325c1312-fb61-451c-9bf9-9134f8caaf9a/5b8d0f29-7769-4660-b7a2-8c88d53fd55b_1905446053.jpeg?h=540&w=540",
    "categories": ["8"],
    "original_price": 15.0
  },
  {
    "id": "23",
    "name": "Bondi Sands Body Wash 500Ml",
    "price": 8.0,
    "image_url": "https://digitalcontent.api.tesco.com/v2/media/ghs/c2baa71b-a979-410c-8177-e374f07900da/df901ff6-f191-482e-8dbc-b32e781415ff_1796008841.jpeg?h=540&w=540",
    "categories": ["8"],
    "original_price": 8.0
  },
  {
    "id": "24",
    "name": "Mancave Lemon & Oak Shower Gel 200Ml",
    "price": 4.0,
    "image_url": "https://digitalcontent.api.tesco.com/v2/media/ghs/0f596c2d-7723-454a-94cf-b3fe20b55212/5cc8761f-72a8-4c8b-946b-d1112a39d3c4_712011292.jpeg?h=540&w=540",
    "categories": ["8"],
    "original_price": 5.0
  },
  {
    "id": "25",
    "name": "200 Cotton Buds",
    "price": 0.4,
    "image_url": "https://digitalcontent.api.tesco.com/v2/media/ghs/06b2e959-3553-40e3-9b32-e701dd7d9b84/582969c1-1a20-4a69-80e7-db4ad3bfea77_1519011598.jpeg?h=540&w=540",
    "categories": ["8", "9"],
    "original_price": 0.4
  },

  {
    "id": "26",
    "name": "Nivea Micellair Make Up Remover 400Ml",
    "price": 5.5,
    "image_url": "https://digitalcontent.api.tesco.com/v2/media/ghs/2074a2ed-e728-413a-a95c-754a993afbb4/6268a3e9-af3f-4e14-b64c-53aa08fa4233_1312033502.jpeg?h=540&w=540",
    "categories": ["8", "9"],
    "original_price": 5.0
  },
  {
    "id": "27",
    "name": "Berocca Immuno Orange Flavoured Sugar Free Tablets 15S",
    "price": 7.5,
    "image_url": "https://digitalcontent.api.tesco.com/v2/media/ghs/8c5c2c61-62c1-41d1-88ba-8d0d0b4b4c11/4b230a64-637c-42ad-92a5-e23253ed7b1a_1315046985.jpeg?h=540&w=540",
    "categories": ["9"],
    "original_price": 7.5
  },
  {
    "id": "28",
    "name": "Centrum Women 50+ 30S",
    "price": 6.8,
    "image_url": "https://digitalcontent.api.tesco.com/v2/media/ghs/2d23518c-97e9-4404-b2bd-f122b8affe75/5dd96a38-1f28-450c-81c8-c6380daea80e_844071225.jpeg?h=540&w=540",
    "categories": ["9"],
    "original_price": 6.8
  },
  {
    "id": "29",
    "name": "Bakers Dog Food Chicken & Vegetable 3Kg",
    "price": 6.6,
    "image_url": "https://digitalcontent.api.tesco.com/v2/media/ghs/24f7769f-2720-42df-80cf-27c12e21b561/86d38c60-db56-4bf5-91a3-764095d49bb9_954514133.jpeg?h=540&w=540",
    "categories": ["10", "2", "4"],
    "original_price": 6.6
  },
  {
    "id": "30",
    "name": "Rabbit Nuggets 2 Kilograms",
    "price": 2.6,
    "image_url": "https://digitalcontent.api.tesco.com/v2/media/ghs/18681681-3779-4751-a7a9-57a100c96fa0/bdb28064-8b0d-45d0-8898-4a25e3a09485_1489477592.jpeg?h=540&w=540",
    "categories": ["10"],
    "original_price": 2.6
  },
  {
    "id": "31",
    "name": "Tetra Goldfish Flakes 250Ml",
    "price": 3.0,
    "image_url": "https://digitalcontent.api.tesco.com/v2/media/ghs/c11b8ec5-71d7-4d47-9fad-ca0debcca96d/9e93027d-1611-4bcd-93f9-3a291b530c20_1027906173.jpeg?h=540&w=540",
    "categories": ["10"],
    "original_price": 3.0
  },
  {
    "id": "32",
    "name": "Felix Fish Selection In Jelly Pouches 40X100g",
    "price": 11.5,
    "image_url": "https://digitalcontent.api.tesco.com/v2/media/ghs/b3ecaac9-05a0-451d-ae50-99f9afbeab5f/24d9b42e-acf4-4e19-9cca-812ae376950b_1405119758.jpeg?h=540&w=540",
    "categories": ["10"],
    "original_price": 15
  },
  {
    "id": "33",
    "name": "Whole Milk 2 Pints/1.13L",
    "price": 1.15,
    "image_url": "https://digitalcontent.api.tesco.com/v2/media/ghs/71e7e601-e6da-4f26-b988-874cba179662/snapshotimagehandler_1357556108.jpeg?h=540&w=540",
    "categories": ["3"],
    "original_price": 1.15
  },
  {
    "id": "34",
    "name": "Skimmed Milk 1.136L/2 Pints",
    "price": 1.15,
    "image_url": "https://digitalcontent.api.tesco.com/v2/media/ghs/6958c0bb-3662-4bec-80fc-4f299e867fe6/snapshotimagehandler_120429143.jpeg?h=540&w=540",
    "categories": ["3"],
    "original_price": 1.15
  },
  {
    "id": "35",
    "name": "Butterkist Microwave Popcorn Sweet & Salted 3X60g",
    "price": 2.0,
    "image_url": "https://digitalcontent.api.tesco.com/v2/media/ghs/29fb8faa-1d15-4f33-bba8-3ab2923684ad/cebd0f42-f393-49e6-a7bc-41fc3ba5d39b_184937244.jpeg?h=540&w=540",
    "categories": ["5"],
    "original_price": 2.0
  },
  {
    "id": "36",
    "name": "7 Up Light Lemon & Lime 2 Litre Bottle",
    "price": 2.0,
    "image_url": "https://digitalcontent.api.tesco.com/v2/media/ghs/a191b697-3eb4-4a66-b135-f78b04ef4b0a/3422692c-64c6-4219-9591-a3f93b565424_738770013.jpeg?h=540&w=540",
    "categories": ["6"],
    "original_price": 2.0
  }
]
